<?xml version="1.0" encoding="UTF-8" ?>
<!DOCTYPE mapper PUBLIC "-//mybatis.org//DTD Mapper 3.0//EN" "http://mybatis.org/dtd/mybatis-3-mapper.dtd" >
<mapper namespace="com.zju.sms.mapper.AdviceMapper" >
  <resultMap id="BaseResultMap" type="com.zju.sms.domain.Advice" >
    <id column="id" property="id" jdbcType="INTEGER" />
    <result column="userId" property="userId" jdbcType="VARCHAR" />
    <result column="context" property="context" jdbcType="VARCHAR" />
    <result column="reply" property="reply" jdbcType="VARCHAR" />
    <result column="status" property="status" jdbcType="VARCHAR" />
    <result column="date" property="date" jdbcType="TIMESTAMP" />
  </resultMap>
  <delete id="deleteByPrimaryKey" parameterType="java.lang.Integer" >
    delete from `advice`
    where id = #{id,jdbcType=INTEGER}
  </delete>
  <insert id="insert" parameterType="com.zju.sms.domain.Advice" useGeneratedKeys="true" keyProperty="id" >
    insert into `advice` (userId, context, reply, 
      status, date)
    values (#{userId,jdbcType=VARCHAR}, #{context,jdbcType=VARCHAR}, #{reply,jdbcType=VARCHAR}, 
      #{status,jdbcType=VARCHAR}, #{date,jdbcType=TIMESTAMP})
  </insert>
  <update id="updateByPrimaryKey" parameterType="com.zju.sms.domain.Advice" >
    update `advice`
    set userId = #{userId,jdbcType=VARCHAR},
      context = #{context,jdbcType=VARCHAR},
      reply = #{reply,jdbcType=VARCHAR},
      status = #{status,jdbcType=VARCHAR},
      date = #{date,jdbcType=TIMESTAMP}
    where id = #{id,jdbcType=INTEGER}
  </update>
  <select id="selectByPrimaryKey" resultMap="BaseResultMap" parameterType="java.lang.Integer" >
    select id, userId, context, reply, status, date
    from `advice`
    where id = #{id,jdbcType=INTEGER}
  </select>
  <select id="selectAll" resultMap="BaseResultMap" >
    select id, userId, context, reply, status, date
    from `advice`
  </select>
</mapper>