<?xml version="1.0" encoding="UTF-8" ?>
<!DOCTYPE mapper PUBLIC "-//mybatis.org//DTD Mapper 3.0//EN" "http://mybatis.org/dtd/mybatis-3-mapper.dtd" >
<mapper namespace="com.zju.sms.mapper.ChannelMapper" >
  <resultMap id="BaseResultMap" type="com.zju.sms.domain.Channel" >
    <id column="id" property="id" jdbcType="INTEGER" />
    <result column="name" property="name" jdbcType="VARCHAR" />
    <result column="costNumber" property="costNumber" jdbcType="VARCHAR" />
    <result column="uid" property="uid" jdbcType="VARCHAR" />
    <result column="pwd" property="pwd" jdbcType="VARCHAR" />
    <result column="url" property="url" jdbcType="VARCHAR" />
  </resultMap>
  <delete id="deleteByPrimaryKey" parameterType="java.lang.Integer" >
    delete from `channel`
    where id = #{id,jdbcType=INTEGER}
  </delete>
  <insert id="insert" parameterType="com.zju.sms.domain.Channel" useGeneratedKeys="true" keyProperty="id" >
    insert into `channel` (name, costNumber, uid, 
      pwd, url)
    values (#{name,jdbcType=VARCHAR}, #{costNumber,jdbcType=VARCHAR}, #{uid,jdbcType=VARCHAR}, 
      #{pwd,jdbcType=VARCHAR}, #{url,jdbcType=VARCHAR})
  </insert>
  <update id="updateByPrimaryKey" parameterType="com.zju.sms.domain.Channel" >
    update `channel`
    set name = #{name,jdbcType=VARCHAR},
      costNumber = #{costNumber,jdbcType=VARCHAR},
      uid = #{uid,jdbcType=VARCHAR},
      pwd = #{pwd,jdbcType=VARCHAR},
      url = #{url,jdbcType=VARCHAR}
    where id = #{id,jdbcType=INTEGER}
  </update>
  <select id="selectByPrimaryKey" resultMap="BaseResultMap" parameterType="java.lang.Integer" >
    select id, name, costNumber, uid, pwd, url
    from `channel`
    where id = #{id,jdbcType=INTEGER}
  </select>
  <select id="selectAll" resultMap="BaseResultMap" >
    select id, name, costNumber, uid, pwd, url
    from `channel`
  </select>
</mapper>