<?xml version="1.0" encoding="UTF-8" ?>
<!DOCTYPE mapper PUBLIC "-//mybatis.org//DTD Mapper 3.0//EN" "http://mybatis.org/dtd/mybatis-3-mapper.dtd" >
<mapper namespace="com.zju.sms.mapper.MailMapper" >
  <resultMap id="BaseResultMap" type="com.zju.sms.domain.Mail" >
    <id column="id" property="id" jdbcType="INTEGER" />
    <result column="context" property="context" jdbcType="VARCHAR" />
    <result column="date" property="date" jdbcType="TIMESTAMP" />
    <result column="name" property="name" jdbcType="VARCHAR" />
    <result column="status" property="status" jdbcType="VARCHAR" />
  </resultMap>
  <delete id="deleteByPrimaryKey" parameterType="java.lang.Integer" >
    delete from `mail`
    where id = #{id,jdbcType=INTEGER}
  </delete>
  <insert id="insert" parameterType="com.zju.sms.domain.Mail" useGeneratedKeys="true" keyProperty="id" >
    insert into `mail` (context, date, name, 
      status)
    values (#{context,jdbcType=VARCHAR}, #{date,jdbcType=TIMESTAMP}, #{name,jdbcType=VARCHAR}, 
      #{status,jdbcType=VARCHAR})
  </insert>
  <update id="updateByPrimaryKey" parameterType="com.zju.sms.domain.Mail" >
    update `mail`
    set context = #{context,jdbcType=VARCHAR},
      date = #{date,jdbcType=TIMESTAMP},
      name = #{name,jdbcType=VARCHAR},
      status = #{status,jdbcType=VARCHAR}
    where id = #{id,jdbcType=INTEGER}
  </update>
  <select id="selectByPrimaryKey" resultMap="BaseResultMap" parameterType="java.lang.Integer" >
    select id, context, date, name, status
    from `mail`
    where id = #{id,jdbcType=INTEGER}
  </select>
  <select id="selectAll" resultMap="BaseResultMap" >
    select id, context, date, name, status
    from `mail`
  </select>
</mapper>