<?xml version="1.0" encoding="UTF-8" ?>
<!DOCTYPE mapper PUBLIC "-//mybatis.org//DTD Mapper 3.0//EN" "http://mybatis.org/dtd/mybatis-3-mapper.dtd" >
<mapper namespace="com.zju.sms.mapper.PhoneLibCategoryMapper" >
  <resultMap id="BaseResultMap" type="com.zju.sms.domain.PhoneLibCategory" >
    <id column="id" property="id" jdbcType="INTEGER" />
    <result column="name" property="name" jdbcType="VARCHAR" />
    <result column="comment" property="comment" jdbcType="VARCHAR" />
  </resultMap>
  <delete id="deleteByPrimaryKey" parameterType="java.lang.Integer" >
    delete from `phonelibcategory`
    where id = #{id,jdbcType=INTEGER}
  </delete>
  <insert id="insert" parameterType="com.zju.sms.domain.PhoneLibCategory" useGeneratedKeys="true" keyProperty="id" >
    insert into `phonelibcategory` (name, comment)
    values (#{name,jdbcType=VARCHAR}, #{comment,jdbcType=VARCHAR})
  </insert>
  <update id="updateByPrimaryKey" parameterType="com.zju.sms.domain.PhoneLibCategory" >
    update `phonelibcategory`
    set name = #{name,jdbcType=VARCHAR},
      comment = #{comment,jdbcType=VARCHAR}
    where id = #{id,jdbcType=INTEGER}
  </update>
  <select id="selectByPrimaryKey" resultMap="BaseResultMap" parameterType="java.lang.Integer" >
    select id, name, comment
    from `phonelibcategory`
    where id = #{id,jdbcType=INTEGER}
  </select>
  <select id="selectAll" resultMap="BaseResultMap" >
    select id, name, comment
    from `phonelibcategory`
  </select>
</mapper>