<?xml version="1.0" encoding="UTF-8" ?>
<!DOCTYPE mapper PUBLIC "-//mybatis.org//DTD Mapper 3.0//EN" "http://mybatis.org/dtd/mybatis-3-mapper.dtd" >
<mapper namespace="com.zju.sms.mapper.SendRecordMapper" >
  <resultMap id="BaseResultMap" type="com.zju.sms.domain.SendRecord" >
    <id column="id" property="id" jdbcType="INTEGER" />
    <result column="userId" property="userId" jdbcType="VARCHAR" />
    <result column="status" property="status" jdbcType="VARCHAR" />
    <result column="context" property="context" jdbcType="VARCHAR" />
    <result column="date" property="date" jdbcType="TIMESTAMP" />
    <result column="phone" property="phone" jdbcType="VARCHAR" />
    <result column="number" property="number" jdbcType="INTEGER" />
  </resultMap>
  <delete id="deleteByPrimaryKey" parameterType="java.lang.Integer" >
    delete from `sendrecord`
    where id = #{id,jdbcType=INTEGER}
  </delete>
  <insert id="insert" parameterType="com.zju.sms.domain.SendRecord" useGeneratedKeys="true" keyProperty="id" >
    insert into `sendrecord` (userId, status, context, 
      date, phone, number
      )
    values (#{userId,jdbcType=VARCHAR}, #{status,jdbcType=VARCHAR}, #{context,jdbcType=VARCHAR}, 
      #{date,jdbcType=TIMESTAMP}, #{phone,jdbcType=VARCHAR}, #{number,jdbcType=INTEGER}
      )
  </insert>
  <update id="updateByPrimaryKey" parameterType="com.zju.sms.domain.SendRecord" >
    update `sendrecord`
    set userId = #{userId,jdbcType=VARCHAR},
      status = #{status,jdbcType=VARCHAR},
      context = #{context,jdbcType=VARCHAR},
      date = #{date,jdbcType=TIMESTAMP},
      phone = #{phone,jdbcType=VARCHAR},
      number = #{number,jdbcType=INTEGER}
    where id = #{id,jdbcType=INTEGER}
  </update>
  <select id="selectByPrimaryKey" resultMap="BaseResultMap" parameterType="java.lang.Integer" >
    select id, userId, status, context, date, phone, number
    from `sendrecord`
    where id = #{id,jdbcType=INTEGER}
  </select>
  <select id="selectAll" resultMap="BaseResultMap" >
    select id, userId, status, context, date, phone, number
    from `sendrecord`
  </select>
</mapper>