<?xml version="1.0" encoding="UTF-8" ?>
<!DOCTYPE mapper PUBLIC "-//mybatis.org//DTD Mapper 3.0//EN" "http://mybatis.org/dtd/mybatis-3-mapper.dtd" >
<mapper namespace="com.zju.sms.mapper.TemplateCategoryMapper" >
  <resultMap id="BaseResultMap" type="com.zju.sms.domain.TemplateCategory" >
    <id column="id" property="id" jdbcType="INTEGER" />
    <result column="userId" property="userId" jdbcType="VARCHAR" />
    <result column="categoryName" property="categoryName" jdbcType="VARCHAR" />
    <result column="comment" property="comment" jdbcType="VARCHAR" />
    <result column="date" property="date" jdbcType="TIMESTAMP" />
  </resultMap>
  <delete id="deleteByPrimaryKey" parameterType="java.lang.Integer" >
    delete from `templatecategory`
    where id = #{id,jdbcType=INTEGER}
  </delete>
  <insert id="insert" parameterType="com.zju.sms.domain.TemplateCategory" useGeneratedKeys="true" keyProperty="id" >
    insert into `templatecategory` (userId, categoryName, comment, 
      date)
    values (#{userId,jdbcType=VARCHAR}, #{categoryName,jdbcType=VARCHAR}, #{comment,jdbcType=VARCHAR}, 
      #{date,jdbcType=TIMESTAMP})
  </insert>
  <update id="updateByPrimaryKey" parameterType="com.zju.sms.domain.TemplateCategory" >
    update `templatecategory`
    set userId = #{userId,jdbcType=VARCHAR},
      categoryName = #{categoryName,jdbcType=VARCHAR},
      comment = #{comment,jdbcType=VARCHAR},
      date = #{date,jdbcType=TIMESTAMP}
    where id = #{id,jdbcType=INTEGER}
  </update>
  <select id="selectByPrimaryKey" resultMap="BaseResultMap" parameterType="java.lang.Integer" >
    select id, userId, categoryName, comment, date
    from `templatecategory`
    where id = #{id,jdbcType=INTEGER}
  </select>
  <select id="selectAll" resultMap="BaseResultMap" >
    select id, userId, categoryName, comment, date
    from `templatecategory`
  </select>
</mapper>